Time(s),Velocity(rad/s)
0.01,0.0
0.02,0.0
0.03,0.0025313596706837416
0.04,0.005062719341367483
0.05,0.005062719341367483
0.060000000000000005,0.007594084832817316
0.07,0.005062706768512726
0.08,0.010125413537025452
0.09,0.0177194494754076
0.09999999999999999,0.0177194494754076
0.10999999999999999,0.04050184786319733
0.11999999999999998,0.050627171993255615
0.12999999999999998,0.08100369572639465
0.13999999999999999,0.08859729766845703
0.15,0.12150535732507706
0.16,0.15441341698169708
0.17,0.19491466879844666
0.18000000000000002,0.21262846887111664
0.19000000000000003,0.22275064885616302
0.20000000000000004,0.263251930475235
0.21000000000000005,0.263251930475235
0.22000000000000006,0.32654061913490295
0.23000000000000007,0.34173649549484253
0.24000000000000007,0.3898356556892395
0.25000000000000006,0.3923662006855011
0.26000000000000006,0.3923662006855011
0.2700000000000001,0.45817285776138306
0.2800000000000001,0.45817285776138306
0.2900000000000001,0.5189247727394104
0.3000000000000001,0.5467733144760132
0.3100000000000001,0.5467733144760132
0.3200000000000001,0.5695608258247375
0.3300000000000001,0.574621856212616
0.34000000000000014,0.5923356413841248
0.35000000000000014,0.5923356413841248
0.36000000000000015,0.594891369342804
0.37000000000000016,0.6176536679267883
0.38000000000000017,0.6556243896484375
0.3900000000000002,0.6480201482772827
0.4000000000000002,0.6885340213775635
0.4100000000000002,0.6935951113700867
0.4200000000000002,0.7214184999465942
0.4300000000000002,0.744231104850769
0.4400000000000002,0.7214436531066895
0.45000000000000023,0.764500617980957
0.46000000000000024,0.744231104850769
0.47000000000000025,0.7315658926963806
0.48000000000000026,0.7315658926963806
0.49000000000000027,0.7315658926963806
0.5000000000000002,0.774572491645813
0.5100000000000002,0.782227098941803
0.5200000000000002,0.7821766138076782
0.5300000000000002,0.827701210975647
0.5400000000000003,0.8024210333824158
0.5500000000000003,0.8252336382865906
0.5600000000000003,0.8379241824150085
0.5700000000000003,0.847995936870575
0.5800000000000003,0.8505138754844666
0.5900000000000003,0.8454779982566833
0.6000000000000003,0.8733265995979309
0.6100000000000003,0.9087793231010437
0.6200000000000003,0.9112972617149353
0.6300000000000003,0.8733265995979309
0.6400000000000003,0.9087793231010437
0.6500000000000004,0.8910529017448425
0.6600000000000004,0.8884845972061157
0.6700000000000004,0.8809307813644409
0.6800000000000004,0.8809307813644409
0.6900000000000004,0.9238870739936829
0.7000000000000004,0.9112972617149353
0.7100000000000004,0.9441313147544861
0.7200000000000004,0.9619584083557129
0.7300000000000004,0.9011247158050537
0.7400000000000004,0.956821858882904
0.7500000000000004,0.944232165813446
0.7600000000000005,0.9669944047927856
0.7700000000000005,0.9618577361106873
0.7800000000000005,0.9618577361106873
0.7900000000000005,1.0909783840179443
0.8000000000000005,0.9265057444572449
0.8100000000000005,0.9618577361106873
0.8200000000000005,0.9974111914634705
0.8300000000000005,1.0074830055236816
0.8400000000000005,0.9416134357452393
0.8500000000000005,0.9998284578323364
0.8600000000000005,1.0783885717391968
0.8700000000000006,0.9822028279304504
0.8800000000000006,0.9822028279304504
0.8900000000000006,1.00496506690979
0.9000000000000006,1.00496506690979
0.9100000000000006,0.9695122838020325
0.9200000000000006,1.042935848236084
0.9300000000000006,1.042935848236084
0.9400000000000006,1.0277273654937744
0.9500000000000006,1.0277273654937744
0.9600000000000006,1.0404177904129028
0.9700000000000006,0.984720766544342
0.9800000000000006,1.0353819131851196
0.9900000000000007,1.0353819131851196
1.0000000000000007,1.0884603261947632
1.0100000000000007,1.121395230293274
1.0200000000000007,1.0631802082061768
1.0300000000000007,1.0732519626617432
1.0400000000000007,1.0404177904129028
1.0500000000000007,1.0430364608764648
1.0600000000000007,1.058144211769104
1.0700000000000007,1.0277273654937744
1.0800000000000007,1.0504896640777588
1.0900000000000007,1.065597414970398
1.1000000000000008,1.065597414970398
1.1100000000000008,1.0631802082061768
1.1200000000000008,1.0631802082061768
1.1300000000000008,1.0504896640777588
1.1400000000000008,1.0732519626617432
1.1500000000000008,1.111323356628418
1.1600000000000008,1.111323356628418
1.1700000000000008,1.058144211769104
1.1800000000000008,1.0935969352722168
1.1900000000000008,1.0631802082061768
1.2000000000000008,1.0835251808166504
1.2100000000000009,1.055525541305542
1.2200000000000009,1.101251482963562
1.2300000000000009,1.1111218929290771
1.2400000000000009,1.1340856552124023
1.2500000000000009,1.1340856552124023
1.260000000000001,1.0883595943450928
1.270000000000001,1.118776559829712
1.280000000000001,1.0377991199493408
1.290000000000001,1.0377991199493408
1.300000000000001,1.1137405633926392
1.310000000000001,1.096014142036438
1.320000000000001,1.096014142036438
1.330000000000001,1.1568479537963867
1.340000000000001,1.1367043256759644
1.350000000000001,1.1493947505950928
1.360000000000001,1.096014142036438
1.370000000000001,1.1062874794006348
1.380000000000001,1.0986329317092896
1.390000000000001,1.1089061498641968
1.400000000000001,1.1415387392044067
1.410000000000001,1.1415387392044067
1.420000000000001,1.1367043256759644
1.430000000000001,1.149193286895752
1.440000000000001,1.1010501384735107
1.450000000000001,1.1542294025421143
1.460000000000001,1.0909783840179443
1.470000000000001,1.121395230293274
1.480000000000001,1.121395230293274
1.490000000000001,1.1290497779846191
1.500000000000001,1.0454537868499756
1.5100000000000011,1.0454537868499756
1.5200000000000011,1.1163592338562012
1.5300000000000011,1.136502981185913
1.5400000000000011,1.124013900756836
1.5500000000000012,1.1669197082519531
1.5600000000000012,1.0859423875808716
1.5700000000000012,1.1417402029037476
1.5800000000000012,1.1417402029037476
1.5900000000000012,1.06821608543396
1.6000000000000012,1.06821608543396
1.6100000000000012,1.058144211769104
1.6200000000000012,1.1340856552124023
1.6300000000000012,1.2378252744674683
1.6400000000000012,1.1340856552124023
1.6500000000000012,1.1393229961395264
1.6600000000000013,1.1264311075210571
1.6700000000000013,1.1417402029037476
1.6800000000000013,1.1417402029037476
1.6900000000000013,1.1489919424057007
1.7000000000000013,1.1824302673339844
1.7100000000000013,1.0962156057357788
1.7200000000000013,1.179610252380371
1.7300000000000013,1.17719304561615
1.7400000000000013,1.1336827278137207
1.7500000000000013,1.14657461643219
1.7600000000000013,1.124013900756836
1.7700000000000014,1.1264311075210571
1.7800000000000014,1.1618839502334595
1.7900000000000014,1.1618839502334595
1.8000000000000014,1.1115248203277588
1.8100000000000014,1.1824302673339844
1.8200000000000014,1.1824302673339844
1.8300000000000014,1.1643010377883911
1.8400000000000014,1.1340856552124023
1.8500000000000014,1.14657461643219
1.8600000000000014,1.14657461643219
1.8700000000000014,1.2634077072143555
1.8800000000000014,1.2634077072143555
1.8900000000000015,1.1618839502334595
1.9000000000000015,1.1719557046890259
1.9100000000000015,1.1719557046890259
1.9200000000000015,1.2303721904754639
1.9300000000000015,1.1667183637619019
1.9400000000000015,1.1518120765686035
1.9500000000000015,1.1493947505950928
1.9600000000000015,1.1695384979248047
1.9700000000000015,1.1316684484481812
1.9800000000000015,1.2883858680725098
1.9900000000000015,1.1062874794006348
2.0000000000000013,1.2557531595230103
2.010000000000001,1.2557531595230103
2.020000000000001,1.0861438512802124
2.0300000000000007,1.136502981185913
2.0400000000000005,1.1920993328094482
2.0500000000000003,1.3036949634552002
2.06,1.3036949634552002
2.07,1.217480182647705
2.0799999999999996,1.217480182647705
2.0899999999999994,1.1542294025421143
2.099999999999999,1.2557531595230103
2.109999999999999,1.1542294025421143
2.1199999999999988,1.156646490097046
2.1299999999999986,1.1618839502334595
2.1399999999999983,1.1747757196426392
2.149999999999998,1.1518120765686035
2.159999999999998,1.2049912214279175
2.1699999999999977,1.189682126045227
2.1799999999999975,1.1618839502334595
2.1899999999999973,1.159063696861267
2.199999999999997,1.159063696861267
2.209999999999997,1.1723586320877075
2.2199999999999966,1.1594666242599487
2.2299999999999964,1.1723586320877075
2.239999999999996,1.1723586320877075
2.249999999999996,1.1872648000717163
2.259999999999996,1.2734794616699219
2.2699999999999956,1.2734794616699219
2.2799999999999954,1.189682126045227
2.289999999999995,1.220300316810608
2.299999999999995,1.220300316810608
2.3099999999999947,1.1369057893753052
2.3199999999999945,1.1949193477630615
2.3299999999999943,1.1949193477630615
2.339999999999994,1.1949193477630615
2.349999999999994,1.2025740146636963
2.3599999999999937,1.174372911453247
2.3699999999999934,1.1925021409988403
2.3799999999999932,1.1997538805007935
2.389999999999993,1.1997538805007935
2.399999999999993,1.1945164203643799
2.4099999999999926,1.2126457691192627
2.4199999999999924,1.2428611516952515
2.429999999999992,1.2299692630767822
2.439999999999992,1.2299692630767822
2.4499999999999917,1.1997538805007935
2.4599999999999915,1.189682126045227
2.4699999999999913,1.222314715385437
2.479999999999991,1.1973366737365723
2.489999999999991,1.1973366737365723
2.4999999999999907,0.0
2.5099999999999905,1.1441575288772583
2.5199999999999902,1.1441575288772583
2.52999999999999,1.232789397239685
2.53999999999999,1.2021710872650146
2.5499999999999896,1.1820274591445923
2.5599999999999894,1.217480182647705
2.569999999999989,1.1542294025421143
2.579999999999989,1.232789397239685
2.5899999999999888,1.2074084281921387
2.5999999999999885,1.2251347303390503
2.6099999999999883,1.2529330253601074
2.619999999999988,1.2480984926223755
2.629999999999988,1.237623929977417
2.6399999999999877,1.2303721904754639
2.6499999999999875,1.2021710872650146
2.6599999999999873,1.2352066040039062
2.669999999999987,1.222314715385437
2.679999999999987,1.3161840438842773
2.6899999999999866,1.2505158185958862
2.6999999999999864,1.2533358335494995
2.709999999999986,1.2074084281921387
2.719999999999986,1.2428611516952515
2.7299999999999858,1.3391475677490234
2.7399999999999856,1.1643010377883911
2.7499999999999853,1.2428611516952515
2.759999999999985,1.2352066040039062
2.769999999999985,1.2303721904754639
2.7799999999999847,1.2682422399520874
2.7899999999999845,1.220300316810608
2.7999999999999843,1.220300316810608
2.809999999999984,1.3262556791305542
2.819999999999984,1.1892791986465454
2.8299999999999836,1.255350112915039
2.8399999999999834,1.275493860244751
2.849999999999983,1.2480984926223755
2.859999999999983,1.2207032442092896
2.869999999999983,1.2078113555908203
2.8799999999999826,1.2279548645019531
2.8899999999999824,1.2279548645019531
2.899999999999982,1.2150630950927734
2.909999999999982,1.2956374883651733
2.9199999999999817,1.1497976779937744
2.9299999999999815,1.2247319221496582
2.9399999999999813,1.2247319221496582
2.949999999999981,1.2198975086212158
2.959999999999981,1.2150630950927734
2.9699999999999807,1.2102285623550415
2.9799999999999804,1.232789397239685
2.9899999999999802,1.3318960666656494
2.99999999999998,1.2658249139785767
3.00999999999998,1.2126457691192627
3.0199999999999796,1.2126457691192627
3.0299999999999794,1.2601847648620605
3.039999999999979,1.1820274591445923
3.049999999999979,1.275493860244751
3.0599999999999787,1.275493860244751
3.0699999999999785,1.2456812858581543
3.0799999999999783,1.2456812858581543
3.089999999999978,1.2005596160888672
3.099999999999978,1.255350112915039
3.1099999999999777,1.2505158185958862
3.1199999999999775,1.2505158185958862
3.1299999999999772,1.2505158185958862
3.139999999999977,1.2424583435058594
3.149999999999977,1.2634077072143555
3.1599999999999766,1.2787166833877563
3.1699999999999764,1.2352066040039062
3.179999999999976,1.2400410175323486
3.189999999999976,1.1618839502334595
3.1999999999999758,1.232789397239685
3.2099999999999755,1.2150630950927734
3.2199999999999753,1.255350112915039
3.229999999999975,1.2626019716262817
3.239999999999975,1.2634077072143555
3.2499999999999747,1.2448756694793701
3.2599999999999745,1.2448756694793701
3.2699999999999743,1.2851626873016357
3.279999999999974,1.2658249139785767
3.289999999999974,1.4124704599380493
3.2999999999999736,1.240846872329712
3.3099999999999734,1.2577674388885498
3.319999999999973,1.2883858680725098
3.329999999999973,1.2956374883651733
3.3399999999999728,1.2956374883651733
3.3499999999999726,1.2577674388885498
3.3599999999999723,1.2577674388885498
3.369999999999972,1.2658249139785767
3.379999999999972,1.2658249139785767
3.3899999999999717,1.2529330253601074
3.3999999999999715,1.3109465837478638
3.4099999999999713,1.3109465837478638
3.419999999999971,1.2577674388885498
3.429999999999971,1.285968542098999
3.4399999999999706,1.2609903812408447
3.4499999999999704,1.275493860244751
3.45999999999997,1.2658249139785767
3.46999999999997,1.3697658777236938
3.47999999999997,1.2247319221496582
3.4899999999999696,1.2561559677124023
3.4999999999999694,1.2609903812408447
3.509999999999969,1.1892791986465454
3.519999999999969,1.3141695261001587
3.5299999999999687,1.2577674388885498
3.5399999999999685,1.2577674388885498
3.5499999999999683,1.2577674388885498
3.559999999999968,1.3109465837478638
3.569999999999968,1.2126457691192627
3.5799999999999677,1.270659327507019
3.5899999999999674,1.2682422399520874
3.5999999999999672,1.2634077072143555
3.609999999999967,1.2634077072143555
3.619999999999967,1.3721832036972046
3.6299999999999666,1.3721832036972046
3.6399999999999664,1.351233720779419
3.649999999999966,1.255350112915039
3.659999999999966,1.3592913150787354
3.6699999999999657,1.2908029556274414
3.6799999999999655,1.2883858680725098
3.6899999999999653,1.2626019716262817
3.699999999999965,1.2634077072143555
3.709999999999965,1.2634077072143555
3.7199999999999647,1.2424583435058594
3.7299999999999645,1.2303721904754639
3.7399999999999642,1.270659327507019
3.749999999999964,1.2529330253601074
3.759999999999964,1.2940260171890259
3.7699999999999636,1.2940260171890259
3.7799999999999634,1.2480984926223755
3.789999999999963,1.2480984926223755
3.799999999999963,1.3133639097213745
3.8099999999999627,1.2730765342712402
3.8199999999999625,1.2932202816009521
3.8299999999999623,1.255350112915039
3.839999999999962,1.3061121702194214
3.849999999999962,1.275493860244751
3.8599999999999617,1.2682422399520874
3.8699999999999615,1.2682422399520874
3.8799999999999613,1.2400410175323486
3.889999999999961,1.2279548645019531
3.899999999999961,1.2279548645019531
3.9099999999999606,1.2529330253601074
3.9199999999999604,1.2529330253601074
3.92999999999996,1.3367304801940918
3.93999999999996,1.3367304801940918
3.9499999999999598,1.2988604307174683
3.9599999999999596,1.2988604307174683
3.9699999999999593,1.404413104057312
3.979999999999959,1.3310902118682861
3.989999999999959,1.275493860244751
3.9999999999999587,1.275493860244751
4.009999999999959,1.275493860244751
4.019999999999959,1.3012776374816895
4.0299999999999585,1.3472051620483398
4.039999999999958,1.3061121702194214
4.049999999999958,1.3061121702194214
4.059999999999958,1.323838472366333
4.069999999999958,0.0
4.079999999999957,1.349622368812561
4.089999999999957,1.349622368812561
4.099999999999957,1.3061121702194214
4.109999999999957,1.2908029556274414
4.119999999999957,1.2908029556274414
4.129999999999956,1.280328392982483
4.139999999999956,1.3335074186325073
4.149999999999956,1.285968542098999
4.159999999999956,1.2811341285705566
4.1699999999999555,1.3141695261001587
4.179999999999955,1.285968542098999
4.189999999999955,1.3294788599014282
4.199999999999955,1.3294788599014282
4.209999999999955,1.3262556791305542
4.2199999999999545,1.3488166332244873
4.229999999999954,1.3262556791305542
4.239999999999954,1.3415650129318237
4.249999999999954,1.3415650129318237
4.259999999999954,1.3012776374816895
4.269999999999953,1.302889108657837
4.279999999999953,1.302889108657837
4.289999999999953,1.3617085218429565
4.299999999999953,1.2835513353347778
4.3099999999999525,1.2835513353347778
4.319999999999952,1.3447879552841187
4.329999999999952,1.3069179058074951
4.339999999999952,1.3343132734298706
4.349999999999952,1.3294788599014282
4.3599999999999515,1.2835513353347778
4.369999999999951,1.2601847648620605
4.379999999999951,1.455980658531189
4.389999999999951,1.3318960666656494
4.399999999999951,1.3318960666656494
4.40999999999995,1.3488166332244873
4.41999999999995,1.3415650129318237
4.42999999999995,1.3568741083145142
4.43999999999995,1.349622368812561
4.4499999999999496,1.349622368812561
4.459999999999949,1.3085293769836426
4.469999999999949,1.3085293769836426
4.479999999999949,1.3367304801940918
4.489999999999949,1.3778234720230103
4.4999999999999485,1.3214212656021118
4.509999999999948,1.3214212656021118
4.519999999999948,1.3391475677490234
4.529999999999948,1.280328392982483
4.539999999999948,1.4003843069076538
4.549999999999947,1.4003843069076538
4.559999999999947,1.316586971282959
4.569999999999947,1.2932202816009521
4.579999999999947,1.3367304801940918
4.589999999999947,1.3794348239898682
4.599999999999946,1.3214212656021118
4.609999999999946,1.3190040588378906
4.619999999999946,1.3391475677490234
4.629999999999946,1.3391475677490234
4.6399999999999455,1.3214212656021118
4.649999999999945,1.3391475677490234
4.659999999999945,1.3391475677490234
4.669999999999945,1.3391475677490234
4.679999999999945,1.3061121702194214
4.689999999999944,1.3061121702194214
4.699999999999944,1.3085293769836426
4.709999999999944,1.3085293769836426
4.719999999999944,1.483375906944275
4.729999999999944,1.3689602613449097
4.739999999999943,1.3713774681091309
4.749999999999943,1.3109465837478638
4.759999999999943,1.316586971282959
4.769999999999943,1.3673486709594727
4.7799999999999425,1.3214212656021118
4.789999999999942,1.3447879552841187
4.799999999999942,1.4019957780838013
4.809999999999942,1.4019957780838013
4.819999999999942,1.3625142574310303
4.8299999999999415,1.3625142574310303
4.839999999999941,1.3592913150787354
4.849999999999941,1.3262556791305542
4.859999999999941,1.3415650129318237
4.869999999999941,1.3536511659622192
4.87999999999994,1.3673486709594727
4.88999999999994,1.3842693567276
4.89999999999994,1.4124704599380493
4.90999999999994,1.285968542098999
4.9199999999999395,1.285968542098999
4.929999999999939,1.323838472366333
4.939999999999939,1.3520395755767822
4.949999999999939,1.3520395755767822
4.959999999999939,1.3343132734298706
4.9699999999999385,1.3343132734298706
4.979999999999938,1.3375362157821655
4.989999999999938,1.3262556791305542
4.999999999999938,1.3536511659622192
5.009999999999938,1.3536511659622192
5.019999999999937,1.5035196542739868
5.029999999999937,1.3536511659622192
5.039999999999937,1.3536511659622192
5.049999999999937,1.3536511659622192
5.0599999999999365,1.3310902118682861
5.069999999999936,1.3713774681091309
5.079999999999936,1.3391475677490234
5.089999999999936,1.3858808279037476
5.099999999999936,1.3697658777236938
5.1099999999999355,1.3488166332244873
5.119999999999935,1.3794348239898682
5.129999999999935,1.3455935716629028
5.139999999999935,1.4197221994400024
5.149999999999935,1.3568741083145142
5.159999999999934,1.3568741083145142
5.169999999999934,1.4052187204360962
5.179999999999934,1.4052187204360962
5.189999999999934,1.3987727165222168
5.199999999999934,1.3214212656021118
5.209999999999933,1.3891040086746216
5.219999999999933,1.4535634517669678
5.229999999999933,1.4535634517669678
5.239999999999933,1.4229450225830078
5.2499999999999325,1.3069179058074951
5.259999999999932,1.3069179058074951
5.269999999999932,1.3069179058074951
5.279999999999932,1.3778234720230103
5.289999999999932,1.411664605140686
5.299999999999931,1.3697658777236938
5.309999999999931,1.3955497741699219
5.319999999999931,1.3520395755767822
5.329999999999931,1.3842693567276
5.339999999999931,1.319809913635254
5.34999999999993,1.3568741083145142
5.35999999999993,1.3842693567276
5.36999999999993,1.4825702905654907
5.37999999999993,1.3746004104614258
5.3899999999999295,1.4164992570877075
5.399999999999929,1.3488166332244873
5.409999999999929,1.387492299079895
5.419999999999929,1.3665430545806885
5.429999999999929,1.4003843069076538
5.4399999999999284,1.3842693567276
5.449999999999928,1.368154525756836
5.459999999999928,1.360097050666809
5.469999999999928,1.3568741083145142
5.479999999999928,1.3842693567276
5.489999999999927,1.4100532531738281
5.499999999999927,1.4100532531738281
5.509999999999927,1.3262556791305542
5.519999999999927,1.4068303108215332
5.5299999999999265,1.4132763147354126
5.539999999999926,1.3278672695159912
5.549999999999926,1.3278672695159912
5.559999999999926,1.3278672695159912
5.569999999999926,1.387492299079895
5.5799999999999255,1.4019957780838013
5.589999999999925,1.4019957780838013
5.599999999999925,1.3907153606414795
5.609999999999925,1.411664605140686
5.619999999999925,1.3552625179290771
5.629999999999924,1.3971613645553589
5.639999999999924,1.3794348239898682
5.649999999999924,1.3520395755767822
5.659999999999924,1.3520395755767822
5.6699999999999235,1.4148876667022705
5.679999999999923,1.387492299079895
5.689999999999923,1.4761241674423218
5.699999999999923,1.4197221994400024
5.709999999999923,1.3584855794906616
5.7199999999999225,1.3665430545806885
5.729999999999922,1.3488166332244873
5.739999999999922,1.3697658777236938
5.749999999999922,1.4052187204360962
5.759999999999922,1.4052187204360962
5.769999999999921,1.3907153606414795
5.779999999999921,1.4181106090545654
5.789999999999921,1.34075927734375
5.799999999999921,1.3746004104614258
5.809999999999921,1.3343132734298706
5.81999999999992,1.319809913635254
5.82999999999992,1.4132763147354126
5.83999999999992,1.4132763147354126
5.84999999999992,1.3746004104614258
5.8599999999999195,1.543806791305542
5.869999999999919,1.3971613645553589
5.879999999999919,1.392326831817627
5.889999999999919,1.387492299079895
5.899999999999919,1.3987727165222168
5.909999999999918,1.5083539485931396
5.919999999999918,1.4100532531738281
5.929999999999918,1.4148876667022705
5.939999999999918,1.4068303108215332
5.949999999999918,1.4535634517669678
5.959999999999917,1.3939383029937744
5.969999999999917,1.4229450225830078
5.979999999999917,1.3488166332244873
5.989999999999917,1.3568741083145142
5.9999999999999165,1.4245566129684448
6.009999999999916,1.4406715631484985
6.019999999999916,1.4406715631484985
6.029999999999916,1.3633198738098145
6.039999999999916,1.3633198738098145
6.0499999999999154,1.3746004104614258
6.059999999999915,1.4229450225830078
6.069999999999915,1.3552625179290771
6.079999999999915,1.3697658777236938
6.089999999999915,1.4197221994400024
6.099999999999914,1.3746004104614258
6.109999999999914,1.4390599727630615
6.119999999999914,1.3939383029937744
6.129999999999914,1.3939383029937744
6.1399999999999135,1.5067425966262817
6.149999999999913,1.4164992570877075
6.159999999999913,1.4164992570877075
6.169999999999913,1.392326831817627
6.179999999999913,1.392326831817627
6.1899999999999125,1.3810464143753052
6.199999999999912,1.5115770101547241
6.209999999999912,1.4052187204360962
6.219999999999912,1.392326831817627
6.229999999999912,1.3971613645553589
6.239999999999911,1.4068303108215332
6.249999999999911,1.4551749229431152
6.259999999999911,1.4551749229431152
6.269999999999911,1.3955497741699219
6.2799999999999105,1.4551749229431152
6.28999999999991,1.343982219696045
6.29999999999991,1.4326139688491821
6.30999999999991,1.4181106090545654
6.31999999999991,1.4181106090545654
6.3299999999999095,1.3568741083145142
6.339999999999909,1.3520395755767822
6.349999999999909,1.4535634517669678
6.359999999999909,1.4342255592346191
6.369999999999909,1.4503405094146729
6.379999999999908,1.360097050666809
6.389999999999908,1.4535634517669678
6.399999999999908,1.4535634517669678
6.409999999999908,1.4100532531738281
6.419999999999908,1.4422829151153564
6.429999999999907,1.4422829151153564
6.439999999999907,1.4052187204360962
6.449999999999907,0.0
6.459999999999907,0.0
6.4699999999999065,1.411664605140686
6.479999999999906,1.4003843069076538
6.489999999999906,1.4326139688491821
6.499999999999906,1.4019957780838013
6.509999999999906,1.4068303108215332
6.519999999999905,1.5244688987731934
6.529999999999905,1.5244688987731934
6.539999999999905,1.5792596340179443
6.549999999999905,1.4229450225830078
6.559999999999905,1.4229450225830078
6.569999999999904,1.3987727165222168
6.579999999999904,1.3842693567276
6.589999999999904,1.4600093364715576
6.599999999999904,1.4229450225830078
6.6099999999999035,1.4809587001800537
6.619999999999903,1.3552625179290771
6.629999999999903,1.360097050666809
6.639999999999903,1.387492299079895
6.649999999999903,1.3810464143753052
6.659999999999902,1.3617085218429565
6.669999999999902,1.3939383029937744
6.679999999999902,1.3939383029937744
6.689999999999902,1.3939383029937744
6.699999999999902,1.4245566129684448
6.709999999999901,1.4245566129684448
6.719999999999901,1.3665430545806885
6.729999999999901,1.4583978652954102
6.739999999999901,1.3955497741699219
6.7499999999999005,1.4503405094146729
6.7599999999999,1.4052187204360962
6.7699999999999,1.4052187204360962
6.7799999999999,1.42133367061615
6.7899999999999,1.3568741083145142
6.7999999999998995,1.4277795553207397
6.809999999999899,1.364931583404541
6.819999999999899,1.3907153606414795
6.829999999999899,1.5002965927124023
6.839999999999899,1.4148876667022705
6.849999999999898,1.3697658777236938
6.859999999999898,1.4277795553207397
6.869999999999898,1.4890162944793701
6.879999999999898,1.4310026168823242
6.8899999999998975,1.4310026168823242
6.899999999999897,1.4793473482131958
6.909999999999897,1.4793473482131958
6.919999999999897,1.4487289190292358
6.929999999999897,1.4036072492599487
6.9399999999998965,1.466455340385437
6.949999999999896,1.4583978652954102
6.959999999999896,1.4277795553207397
6.969999999999896,1.4406715631484985
6.979999999999896,1.4326139688491821
6.989999999999895,1.4326139688491821
6.999999999999895,1.4551749229431152
7.009999999999895,1.4712897539138794
7.019999999999895,1.4535634517669678
7.0299999999998946,1.4583978652954102
7.039999999999894,1.4181106090545654
7.049999999999894,1.4600093364715576
7.059999999999894,1.445505976676941
7.069999999999894,1.392326831817627
7.0799999999998935,1.4052187204360962
7.089999999999893,1.463232398033142
7.099999999999893,1.4406715631484985
7.109999999999893,1.364931583404541
7.119999999999893,1.364931583404541
7.129999999999892,1.4729013442993164
7.139999999999892,1.4906277656555176
7.149999999999892,1.4906277656555176
7.159999999999892,1.4229450225830078
7.169999999999892,1.4229450225830078
7.179999999999891,1.4245566129684448
7.189999999999891,1.4406715631484985
7.199999999999891,1.4406715631484985
7.209999999999891,1.4293911457061768
7.2199999999998905,1.466455340385437
7.22999999999989,1.4310026168823242
7.23999999999989,1.4841816425323486
7.24999999999989,1.4648438692092896
7.25999999999989,1.445505976676941
7.269999999999889,1.5534757375717163
7.279999999999889,1.4567863941192627
7.289999999999889,1.4567863941192627
7.299999999999889,1.3891040086746216
7.309999999999889,1.4761241674423218
7.319999999999888,1.4761241674423218
7.329999999999888,1.4761241674423218
7.339999999999888,1.4342255592346191
7.349999999999888,1.5776481628417969
7.3599999999998875,1.4857933521270752
7.369999999999887,1.4648438692092896
7.379999999999887,1.4390599727630615
7.389999999999887,1.4148876667022705
7.399999999999887,1.4583978652954102
7.4099999999998865,1.3971613645553589
7.419999999999886,1.5599218606948853
7.429999999999886,1.5599218606948853
7.439999999999886,1.5615332126617432
7.449999999999886,1.4938507080078125
7.459999999999885,1.4197221994400024
7.469999999999885,1.6163238286972046
7.479999999999885,1.4729013442993164
7.489999999999885,1.4616209268569946
7.4999999999998845,1.4471174478530884
7.509999999999884,1.4745128154754639
7.519999999999884,1.4293911457061768
7.529999999999884,1.4503405094146729
7.539999999999884,1.4229450225830078
7.5499999999998835,1.4938507080078125
7.559999999999883,1.487404704093933
7.569999999999883,1.4986851215362549
7.579999999999883,1.487404704093933
7.589999999999883,1.4922391176223755
7.599999999999882,1.5148000717163086
7.609999999999882,1.5099656581878662
7.619999999999882,1.4519518613815308
7.629999999999882,1.5180230140686035
7.6399999999998816,1.4809587001800537
7.649999999999881,1.4809587001800537
7.659999999999881,1.4970736503601074
7.669999999999881,1.4696784019470215
7.679999999999881,1.4729013442993164
7.6899999999998805,1.5148000717163086
7.69999999999988,1.4809587001800537
7.70999999999988,1.4729013442993164
7.71999999999988,1.5019080638885498
7.72999999999988,1.5019080638885498
7.739999999999879,1.516411542892456
7.749999999999879,1.4600093364715576
7.759999999999879,1.4277795553207397
7.769999999999879,1.4616209268569946
7.779999999999879,1.6308271884918213
7.789999999999878,1.4938507080078125
7.799999999999878,1.4809587001800537
7.809999999999878,1.4293911457061768
7.819999999999878,1.5002965927124023
7.8299999999998775,1.5002965927124023
7.839999999999877,1.4809587001800537
7.849999999999877,1.4841816425323486
7.859999999999877,1.5244688987731934
7.869999999999877,1.5244688987731934
7.879999999999876,1.5325264930725098
7.889999999999876,1.4825702905654907
7.899999999999876,1.4986851215362549
7.909999999999876,1.4712897539138794
7.919999999999876,1.5019080638885498
7.929999999999875,1.4922391176223755
7.939999999999875,1.4680668115615845
7.949999999999875,1.4535634517669678
7.959999999999875,1.4712897539138794
7.9699999999998745,1.4712897539138794
7.979999999999874,1.4712897539138794
7.989999999999874,1.4809587001800537
7.999999999999874,1.516411542892456
8.009999999999874,1.4825702905654907
8.019999999999873,1.435836911201477
8.029999999999873,1.4857933521270752
8.039999999999873,1.4841816425323486
8.049999999999873,1.5889285802841187
8.059999999999873,1.4680668115615845
8.069999999999872,1.4761241674423218
8.079999999999872,1.463232398033142
8.089999999999872,1.4648438692092896
8.099999999999872,1.4648438692092896
8.109999999999872,1.4648438692092896
8.119999999999871,1.4809587001800537
8.129999999999871,1.5341379642486572
8.139999999999871,1.4487289190292358
8.14999999999987,1.5389724969863892
8.15999999999987,1.4745128154754639
8.16999999999987,1.4616209268569946
8.17999999999987,1.516411542892456
8.18999999999987,1.516411542892456
8.19999999999987,1.4938507080078125
8.20999999999987,1.5808711051940918
8.21999999999987,1.542195439338684
8.229999999999869,1.4616209268569946
8.239999999999869,1.4986851215362549
8.249999999999869,1.4986851215362549
8.259999999999868,1.5067425966262817
8.269999999999868,1.4906277656555176
8.279999999999868,1.5454182624816895
8.289999999999868,1.5115770101547241
8.299999999999867,1.4906277656555176
8.309999999999867,1.4906277656555176
8.319999999999867,1.5083539485931396
8.329999999999867,1.5357494354248047
8.339999999999867,1.5615332126617432
8.349999999999866,1.5357494354248047
8.359999999999866,1.5212459564208984
8.369999999999866,1.5244688987731934
8.379999999999866,1.5035196542739868
8.389999999999866,1.6018205881118774
8.399999999999865,1.6018205881118774
8.409999999999865,1.6018205881118774
8.419999999999865,1.5518642663955688
8.429999999999865,1.4841816425323486
8.439999999999864,1.4841816425323486
8.449999999999864,1.4841816425323486
8.459999999999864,1.5099656581878662
8.469999999999864,1.5035196542739868
8.479999999999864,1.516411542892456
8.489999999999863,1.5099656581878662
8.499999999999863,1.4438945055007935
8.509999999999863,1.542195439338684
8.519999999999863,1.4825702905654907
8.529999999999863,1.5002965927124023
8.539999999999862,1.4648438692092896
8.549999999999862,1.6662800312042236
8.559999999999862,1.5035196542739868
8.569999999999862,1.5341379642486572
8.579999999999862,1.4938507080078125
8.589999999999861,1.5180230140686035
8.599999999999861,1.487404704093933
8.60999999999986,1.4857933521270752
8.61999999999986,1.542195439338684
8.62999999999986,1.4954620599746704
8.63999999999986,1.4954620599746704
8.64999999999986,1.5212459564208984
8.65999999999986,1.4729013442993164
8.66999999999986,1.5502527952194214
8.67999999999986,1.5502527952194214
8.68999999999986,1.5808711051940918
8.699999999999859,1.6630570888519287
8.709999999999859,1.5583101511001587
8.719999999999859,1.4503405094146729
8.729999999999858,1.5212459564208984
8.739999999999858,1.42133367061615
8.749999999999858,1.5083539485931396
8.759999999999858,1.5051310062408447
8.769999999999857,1.5051310062408447
8.779999999999857,1.4986851215362549
8.789999999999857,1.4986851215362549
8.799999999999857,1.5566987991333008
8.809999999999857,1.5309149026870728
8.819999999999856,1.5115770101547241
8.829999999999856,1.4761241674423218
8.839999999999856,1.547029733657837
8.849999999999856,1.547029733657837
8.859999999999856,1.5309149026870728
8.869999999999855,1.5019080638885498
8.879999999999855,1.5083539485931396
8.889999999999855,1.5599218606948853
8.899999999999855,1.5599218606948853
8.909999999999854,1.540583848953247
8.919999999999854,1.540583848953247
8.929999999999854,1.5534757375717163
8.939999999999854,1.5534757375717163
8.949999999999854,1.698509931564331
8.959999999999853,1.5244688987731934
8.969999999999853,1.5083539485931396
8.979999999999853,1.5083539485931396
8.989999999999853,1.5212459564208984
8.999999999999853,1.5631448030471802
9.009999999999852,1.5309149026870728
9.019999999999852,1.5244688987731934
9.029999999999852,1.5373609066009521
9.039999999999852,1.592151403427124
9.049999999999851,1.595374345779419
9.059999999999851,1.5889285802841187
9.069999999999851,1.5889285802841187
9.07999999999985,1.540583848953247
9.08999999999985,1.595374345779419
9.09999999999985,1.4954620599746704
9.10999999999985,1.6372731924057007
9.11999999999985,1.56959068775177
9.12999999999985,1.5566987991333008
9.13999999999985,1.5276919603347778
9.14999999999985,1.5566987991333008
9.15999999999985,1.543806791305542
9.169999999999849,1.543806791305542
9.179999999999849,1.543806791305542
9.189999999999849,1.56959068775177
9.199999999999848,1.56959068775177
9.209999999999848,1.6018205881118774
9.219999999999848,1.6147123575210571
9.229999999999848,1.6147123575210571
9.239999999999847,1.566367745399475
9.249999999999847,1.566367745399475
9.259999999999847,1.566367745399475
9.269999999999847,1.4986851215362549
9.279999999999847,1.4986851215362549
9.289999999999846,1.5212459564208984
9.299999999999846,1.5373609066009521
9.309999999999846,1.5373609066009521
9.319999999999846,1.5792596340179443
9.329999999999846,1.5566987991333008
9.339999999999845,1.595374345779419
9.349999999999845,1.595374345779419
9.359999999999845,1.5276919603347778
9.369999999999845,1.5566987991333008
9.379999999999844,1.7146246433258057
9.389999999999844,1.6082665920257568
9.399999999999844,1.6082665920257568
9.409999999999844,1.592151403427124
9.419999999999844,1.5373609066009521
9.429999999999843,1.5599218606948853
9.439999999999843,1.4857933521270752
9.449999999999843,1.5857056379318237
9.459999999999843,1.5212459564208984
9.469999999999843,1.6018205881118774
9.479999999999842,1.4922391176223755
9.489999999999842,1.5341379642486572
9.499999999999842,1.6050434112548828
9.509999999999842,1.5792596340179443
9.519999999999841,1.5792596340179443
9.529999999999841,1.566367745399475
9.539999999999841,1.566367745399475
9.54999999999984,1.543806791305542
9.55999999999984,1.6276042461395264
9.56999999999984,1.543806791305542
9.57999999999984,1.5985974073410034
9.58999999999984,1.4922391176223755
9.59999999999984,1.543806791305542
9.60999999999984,1.5534757375717163
9.61999999999984,1.5631448030471802
9.62999999999984,1.5631448030471802
9.639999999999839,1.5212459564208984
9.649999999999839,1.566367745399475
9.659999999999838,1.5534757375717163
9.669999999999838,1.5857056379318237
9.679999999999838,1.6952869892120361
9.689999999999838,1.5631448030471802
9.699999999999838,1.543806791305542
9.709999999999837,1.6147123575210571
9.719999999999837,1.5212459564208984
9.729999999999837,1.5212459564208984
9.739999999999837,1.5824825763702393
9.749999999999837,1.6018205881118774
9.759999999999836,1.5760366916656494
9.769999999999836,1.6856179237365723
9.779999999999836,1.5889285802841187
9.789999999999836,1.5889285802841187
9.799999999999836,1.5760366916656494
9.809999999999835,1.592151403427124
9.819999999999835,1.592151403427124
9.829999999999835,1.5566987991333008
9.839999999999835,1.6018205881118774
9.849999999999834,1.5373609066009521
9.859999999999834,1.56959068775177
9.869999999999834,1.5212459564208984
9.879999999999834,1.5566987991333008
9.889999999999834,1.5728137493133545
9.899999999999833,1.5760366916656494
9.909999999999833,1.5534757375717163
9.919999999999833,1.6598341464996338
9.929999999999833,1.5889285802841187
9.939999999999833,1.5599218606948853
9.949999999999832,1.543806791305542
9.959999999999832,1.566367745399475
9.969999999999832,1.701732873916626
9.979999999999832,1.701732873916626
9.989999999999831,1.6082665920257568
9.999999999999831,1.6018205881118774
10.009999999999831,1.5534757375717163
10.01999999999983,1.5534757375717163
10.02999999999983,1.6243813037872314
10.03999999999983,1.5309149026870728
10.04999999999983,1.7597464323043823
10.05999999999983,1.5728137493133545
10.06999999999983,1.5728137493133545
10.07999999999983,1.5631448030471802
10.08999999999983,1.6952869892120361
10.09999999999983,1.6082665920257568
10.109999999999829,1.6082665920257568
10.119999999999829,1.5728137493133545
10.129999999999828,1.5728137493133545
10.139999999999828,1.56959068775177
10.149999999999828,1.56959068775177
10.159999999999828,1.543806791305542
10.169999999999828,1.56959068775177
10.179999999999827,1.5824825763702393
10.189999999999827,1.727516531944275
10.199999999999827,1.727516531944275
10.209999999999827,1.592151403427124
10.219999999999827,1.6340502500534058
10.229999999999826,1.6791719198226929
10.239999999999826,1.5792596340179443
10.249999999999826,1.543806791305542
10.259999999999826,1.5792596340179443
10.269999999999825,1.543806791305542
10.279999999999825,1.6243813037872314
10.289999999999825,1.6243813037872314
10.299999999999825,1.6082665920257568
10.309999999999825,1.6276042461395264
10.319999999999824,1.6243813037872314
10.329999999999824,1.6243813037872314
10.339999999999824,1.592151403427124
10.349999999999824,1.592151403427124
10.359999999999824,1.566367745399475
10.369999999999823,1.566367745399475
10.379999999999823,1.5534757375717163
10.389999999999823,1.5985974073410034
10.399999999999823,1.5599218606948853
10.409999999999823,1.5599218606948853
10.419999999999822,1.727516531944275
10.429999999999822,1.727516531944275
10.439999999999822,1.5341379642486572
10.449999999999822,1.6533881425857544
10.459999999999821,1.6114895343780518
10.469999999999821,1.6114895343780518
10.479999999999821,1.7629693746566772
10.48999999999982,1.5985974073410034
10.49999999999982,1.672726035118103
10.50999999999982,1.5566987991333008
10.51999999999982,1.6114895343780518
10.52999999999982,1.6469422578811646
10.53999999999982,1.6114895343780518
10.54999999999982,1.6114895343780518
10.55999999999982,1.6469422578811646
10.569999999999819,1.5534757375717163
10.579999999999819,1.592151403427124
10.589999999999819,1.5857056379318237
10.599999999999818,1.5824825763702393
10.609999999999818,1.5373609066009521
10.619999999999818,1.6276042461395264
10.629999999999818,1.5824825763702393
10.639999999999818,1.5760366916656494
10.649999999999817,1.540583848953247
10.659999999999817,1.540583848953247
10.669999999999817,1.6018205881118774
10.679999999999817,1.6598341464996338
10.689999999999817,1.595374345779419
10.699999999999816,1.5889285802841187
10.709999999999816,1.6050434112548828
10.719999999999816,1.617935299873352
10.729999999999816,1.6243813037872314
10.739999999999815,1.6566112041473389
10.749999999999815,1.5792596340179443
10.759999999999815,1.6114895343780518
10.769999999999815,1.6147123575210571
10.779999999999815,1.7823072671890259
10.789999999999814,1.595374345779419
10.799999999999814,1.6211583614349365
10.809999999999814,1.6308271884918213
10.819999999999814,1.6211583614349365
10.829999999999814,1.6501652002334595
10.839999999999813,1.6114895343780518
10.849999999999813,1.675948977470398
10.859999999999813,1.6243813037872314
10.869999999999813,1.6469422578811646
10.879999999999812,1.5760366916656494
10.889999999999812,1.595374345779419
10.899999999999812,1.5889285802841187
10.909999999999812,1.7984222173690796
10.919999999999812,1.6308271884918213
10.929999999999811,1.6308271884918213
10.939999999999811,1.595374345779419
10.949999999999811,1.6598341464996338
10.95999999999981,1.5792596340179443
10.96999999999981,1.7339625358581543
10.97999999999981,1.7339625358581543
10.98999999999981,1.6501652002334595
10.99999999999981,1.6243813037872314
11.00999999999981,1.6243813037872314
11.01999999999981,1.617935299873352
11.02999999999981,1.5857056379318237
11.039999999999809,1.5889285802841187
11.049999999999809,1.5889285802841187
11.059999999999809,1.5599218606948853
11.069999999999808,1.5599218606948853
11.079999999999808,1.6082665920257568
11.089999999999808,1.6147123575210571
11.099999999999808,1.6147123575210571
11.109999999999808,1.6404961347579956
11.119999999999807,1.6147123575210571
11.129999999999807,1.6372731924057007
11.139999999999807,1.617935299873352
11.149999999999807,1.7661924362182617
11.159999999999807,1.7661924362182617
11.169999999999806,1.7661924362182617
11.179999999999806,1.6340502500534058
11.189999999999806,1.6082665920257568
11.199999999999806,1.6437190771102905
11.209999999999805,1.6630570888519287
11.219999999999805,1.6630570888519287
11.229999999999805,1.6147123575210571
11.239999999999805,1.6791719198226929
11.249999999999805,1.5985974073410034
11.259999999999804,1.6211583614349365
11.269999999999804,1.6211583614349365
11.279999999999804,1.6404961347579956
11.289999999999804,1.6404961347579956
11.299999999999804,1.6501652002334595
11.309999999999803,1.6211583614349365
11.319999999999803,1.6566112041473389
11.329999999999803,1.6114895343780518
11.339999999999803,1.6211583614349365
11.349999999999802,1.6566112041473389
11.359999999999802,1.6823949813842773
11.369999999999802,1.6501652002334595
11.379999999999802,1.6501652002334595
11.389999999999802,1.5631448030471802
11.399999999999801,1.6437190771102905
11.409999999999801,1.701732873916626
11.419999999999801,1.701732873916626
11.4299999999998,1.6018205881118774
11.4399999999998,1.701732873916626
11.4499999999998,1.7661924362182617
11.4599999999998,1.7661924362182617
11.4699999999998,1.6340502500534058
11.4799999999998,1.6372731924057007
11.4899999999998,1.6372731924057007
11.4999999999998,1.6888408660888672
11.509999999999799,1.5824825763702393
11.519999999999799,1.6662800312042236
11.529999999999799,1.6437190771102905
11.539999999999798,1.6437190771102905
11.549999999999798,1.6372731924057007
11.559999999999798,1.6437190771102905
11.569999999999798,1.6469422578811646
11.579999999999798,1.6469422578811646
11.589999999999797,1.6823949813842773
11.599999999999797,1.6823949813842773
11.609999999999797,1.7049559354782104
11.619999999999797,1.701732873916626
11.629999999999797,1.6791719198226929
11.639999999999796,1.801645278930664
11.649999999999796,1.801645278930664
11.659999999999796,1.6662800312042236
11.669999999999796,1.6598341464996338
11.679999999999795,1.6437190771102905
11.689999999999795,1.672726035118103
11.699999999999795,1.7694153785705566
11.709999999999795,1.701732873916626
11.719999999999795,1.6856179237365723
11.729999999999794,1.6308271884918213
11.739999999999794,1.6823949813842773
11.749999999999794,1.8113139867782593
11.759999999999794,1.8113139867782593
11.769999999999794,1.6823949813842773
11.779999999999793,1.6340502500534058
11.789999999999793,1.698509931564331
11.799999999999793,1.672726035118103
11.809999999999793,1.6598341464996338
11.819999999999792,1.669503092765808
11.829999999999792,1.7049559354782104
11.839999999999792,1.6566112041473389
11.849999999999792,1.5599218606948853
11.859999999999792,1.6856179237365723
11.869999999999791,1.6920636892318726
11.879999999999791,1.6276042461395264
11.889999999999791,1.7339625358581543
11.89999999999979,1.7339625358581543
11.90999999999979,1.6888408660888672
11.91999999999979,1.672726035118103
11.92999999999979,1.672726035118103
11.93999999999979,1.8113139867782593
11.94999999999979,1.6566112041473389
11.95999999999979,1.853212833404541
11.96999999999979,1.721070647239685
11.979999999999789,1.675948977470398
11.989999999999789,1.6952869892120361
11.999999999999789,1.6952869892120361
12.009999999999788,1.7049559354782104
12.019999999999788,1.7178478240966797
12.029999999999788,1.7081788778305054
12.039999999999788,1.6888408660888672
12.049999999999788,1.617935299873352
12.059999999999787,1.675948977470398
12.069999999999787,1.7114017009735107
12.079999999999787,1.72429358959198
12.089999999999787,1.6856179237365723
12.099999999999786,1.6856179237365723
12.109999999999786,1.7049559354782104
12.119999999999786,1.727516531944275
12.129999999999786,1.6147123575210571
12.139999999999786,1.6533881425857544
12.149999999999785,1.8628817796707153
12.159999999999785,1.6404961347579956
12.169999999999785,1.7661924362182617
12.179999999999785,1.7081788778305054
12.189999999999785,1.675948977470398
12.199999999999784,1.701732873916626
12.209999999999784,1.675948977470398
12.219999999999784,1.675948977470398
12.229999999999784,1.721070647239685
12.239999999999783,1.721070647239685
12.249999999999783,1.721070647239685
12.259999999999783,1.727516531944275
12.269999999999783,1.7146246433258057
12.279999999999783,1.6437190771102905
12.289999999999782,1.672726035118103
12.299999999999782,1.672726035118103
12.309999999999782,1.7114017009735107
12.319999999999782,1.6598341464996338
12.329999999999782,1.7178478240966797
12.339999999999781,1.72429358959198
12.349999999999781,1.7984222173690796
12.359999999999781,1.7984222173690796
12.36999999999978,1.6952869892120361
12.37999999999978,1.7307395935058594
12.38999999999978,1.6856179237365723
12.39999999999978,1.7629693746566772
12.40999999999978,1.6856179237365723
12.41999999999978,1.6856179237365723
12.42999999999978,1.746854543685913
12.43999999999978,1.7629693746566772
12.449999999999779,1.7114017009735107
12.459999999999779,1.6018205881118774
12.469999999999779,1.6952869892120361
12.479999999999778,1.856435775756836
12.489999999999778,1.6211583614349365
12.499999999999778,1.750077486038208
12.509999999999778,1.849989891052246
12.519999999999778,1.727516531944275
12.529999999999777,1.727516531944275
12.539999999999777,1.746854543685913
12.549999999999777,1.7404084205627441
12.559999999999777,1.7823072671890259
12.569999999999776,1.7823072671890259
12.579999999999776,1.7404084205627441
12.589999999999776,1.7404084205627441
12.599999999999776,1.7694153785705566
12.609999999999776,1.6856179237365723
12.619999999999775,1.7146246433258057
12.629999999999775,1.7146246433258057
12.639999999999775,1.7629693746566772
12.649999999999775,1.7629693746566772
12.659999999999775,1.7146246433258057
12.669999999999774,1.7146246433258057
12.679999999999774,1.7339625358581543
12.689999999999774,1.7339625358581543
12.699999999999774,1.750077486038208
12.709999999999773,1.7533005475997925
12.719999999999773,1.6888408660888672
12.729999999999773,1.7178478240966797
12.739999999999773,1.7307395935058594
12.749999999999773,1.7307395935058594
12.759999999999772,1.6404961347579956
12.769999999999772,1.72429358959198
12.779999999999772,1.72429358959198
12.789999999999772,1.7307395935058594
12.799999999999772,1.7887533903121948
12.809999999999771,1.6920636892318726
12.819999999999771,1.6920636892318726
12.829999999999771,1.721070647239685
12.83999999999977,1.7081788778305054
12.84999999999977,1.698509931564331
12.85999999999977,1.6920636892318726
12.86999999999977,1.9047805070877075
12.87999999999977,1.9047805070877075
12.88999999999977,1.7565234899520874
12.89999999999977,1.8338748216629028
12.90999999999977,1.8338748216629028
12.919999999999769,1.8338748216629028
12.929999999999769,1.8338748216629028
12.939999999999769,1.7339625358581543
12.949999999999768,1.7823072671890259
12.959999999999768,1.7823072671890259
12.969999999999768,1.7307395935058594
12.979999999999768,1.7565234899520874
12.989999999999768,1.7565234899520874
12.999999999999767,1.7114017009735107
13.009999999999767,1.7694153785705566
13.019999999999767,1.746854543685913
13.029999999999767,1.6920636892318726
13.039999999999766,1.6920636892318726
13.049999999999766,1.6920636892318726
13.059999999999766,1.7371854782104492
13.069999999999766,1.7661924362182617
13.079999999999766,1.750077486038208
13.089999999999765,1.779084324836731
13.099999999999765,1.7307395935058594
13.109999999999765,1.750077486038208
13.119999999999765,1.750077486038208
13.129999999999765,1.7081788778305054
13.139999999999764,1.7855302095413208
13.149999999999764,1.7855302095413208
13.159999999999764,1.7855302095413208
13.169999999999764,1.7855302095413208
13.179999999999763,1.727516531944275
13.189999999999763,1.8338748216629028
13.199999999999763,1.7823072671890259
13.209999999999763,1.72429358959198
13.219999999999763,1.937010407447815
13.229999999999762,1.7404084205627441
13.239999999999762,1.779084324836731
13.249999999999762,1.830651879310608
13.259999999999762,1.6856179237365723
13.269999999999762,1.7178478240966797
13.279999999999761,1.701732873916626
13.289999999999761,1.701732873916626
13.299999999999761,1.7114017009735107
13.30999999999976,1.93378746509552
13.31999999999976,1.7565234899520874
13.32999999999976,1.7919763326644897
13.33999999999976,1.7919763326644897
13.34999999999976,1.7919763326644897
13.35999999999976,1.801645278930664
13.36999999999976,1.801645278930664
13.37999999999976,1.672726035118103
13.389999999999759,1.746854543685913
13.399999999999759,1.72429358959198
13.409999999999759,1.7661924362182617
13.419999999999758,1.7661924362182617
13.429999999999758,1.746854543685913
13.439999999999758,1.746854543685913
13.449999999999758,1.7758612632751465
13.459999999999757,1.8596587181091309
13.469999999999757,1.7533005475997925
13.479999999999757,1.7694153785705566
13.489999999999757,1.7629693746566772
13.499999999999757,1.72429358959198
13.509999999999756,1.7597464323043823
13.519999999999756,1.8886656761169434
13.529999999999756,1.7371854782104492
13.539999999999756,1.8596587181091309
13.549999999999756,1.7114017009735107
13.559999999999755,1.8951115608215332
13.569999999999755,1.7307395935058594
13.579999999999755,1.7404084205627441
13.589999999999755,1.7984222173690796
13.599999999999755,1.7597464323043823
13.609999999999754,1.804868221282959
13.619999999999754,1.7533005475997925
13.629999999999754,1.8177601099014282
13.639999999999754,1.7661924362182617
13.649999999999753,1.727516531944275
13.659999999999753,1.72429358959198
13.669999999999753,1.746854543685913
13.679999999999753,1.7887533903121948
13.689999999999753,1.7887533903121948
13.699999999999752,1.804868221282959
13.709999999999752,1.7694153785705566
13.719999999999752,1.8113139867782593
13.729999999999752,1.7146246433258057
13.739999999999752,1.7758612632751465
13.749999999999751,1.7758612632751465
13.759999999999751,1.7565234899520874
13.76999999999975,1.7565234899520874
13.77999999999975,1.8113139867782593
13.78999999999975,1.7661924362182617
13.79999999999975,1.7661924362182617
13.80999999999975,1.7855302095413208
13.81999999999975,1.7951992750167847
13.82999999999975,1.8177601099014282
13.83999999999975,1.8113139867782593
13.84999999999975,1.8113139867782593
13.859999999999749,1.672726035118103
13.869999999999749,1.672726035118103
13.879999999999749,1.746854543685913
13.889999999999748,1.7597464323043823
13.899999999999748,1.7436316013336182
13.909999999999748,1.779084324836731
13.919999999999748,1.779084324836731
13.929999999999747,1.830651879310608
13.939999999999747,1.7565234899520874
13.949999999999747,1.779084324836731
13.959999999999747,1.779084324836731
13.969999999999747,1.7758612632751465
13.979999999999746,1.7758612632751465
13.989999999999746,1.8338748216629028
13.999999999999746,1.7661924362182617
14.009999999999746,1.7758612632751465
14.019999999999746,1.830651879310608
14.029999999999745,1.830651879310608
14.039999999999745,1.7855302095413208
14.049999999999745,1.7855302095413208
14.059999999999745,1.7565234899520874
14.069999999999744,1.7533005475997925
14.079999999999744,1.7307395935058594
14.089999999999744,1.7307395935058594
14.099999999999744,1.8338748216629028
14.109999999999744,1.8338748216629028
14.119999999999743,1.8370981216430664
14.129999999999743,1.8370981216430664
14.139999999999743,1.7565234899520874
14.149999999999743,1.7984222173690796
14.159999999999743,1.7984222173690796
14.169999999999742,1.8467668294906616
14.179999999999742,1.7823072671890259
14.189999999999742,1.8145371675491333
14.199999999999742,1.7919763326644897
14.209999999999742,1.7919763326644897
14.219999999999741,1.7661924362182617
14.229999999999741,1.779084324836731
14.23999999999974,1.7726383209228516
14.24999999999974,1.7726383209228516
14.25999999999974,1.7533005475997925
14.26999999999974,1.8467668294906616
14.27999999999974,1.808091163635254
14.28999999999974,1.7919763326644897
14.29999999999974,1.7823072671890259
14.30999999999974,1.7951992750167847
14.31999999999974,1.7823072671890259
14.329999999999739,1.804868221282959
14.339999999999739,1.804868221282959
14.349999999999739,1.804868221282959
14.359999999999738,1.8886656761169434
14.369999999999738,1.8886656761169434
14.379999999999738,1.8403209447860718
14.389999999999738,1.8403209447860718
14.399999999999737,1.808091163635254
14.409999999999737,1.808091163635254
14.419999999999737,1.849989891052246
14.429999999999737,1.849989891052246
14.439999999999737,1.8145371675491333
14.449999999999736,1.7629693746566772
14.459999999999736,1.7565234899520874
14.469999999999736,1.8370981216430664
14.479999999999736,1.7339625358581543
14.489999999999736,1.7339625358581543
14.499999999999735,1.804868221282959
14.509999999999735,1.8628817796707153
14.519999999999735,1.7758612632751465
14.529999999999735,1.7855302095413208
14.539999999999734,1.8467668294906616
14.549999999999734,1.8242058753967285
14.559999999999734,1.8661047220230103
14.569999999999734,1.9466793537139893
14.579999999999734,1.9466793537139893
14.589999999999733,1.8145371675491333
14.599999999999733,1.849989891052246
14.609999999999733,1.7887533903121948
14.619999999999733,1.830651879310608
14.629999999999733,1.7823072671890259
14.639999999999732,1.830651879310608
14.649999999999732,1.8177601099014282
14.659999999999732,1.8757736682891846
14.669999999999732,1.849989891052246
14.679999999999731,1.808091163635254
14.689999999999731,1.808091163635254
14.699999999999731,1.808091163635254
14.70999999999973,1.808091163635254
14.71999999999973,1.808091163635254
14.72999999999973,1.8370981216430664
14.73999999999973,1.8370981216430664
14.74999999999973,1.7565234899520874
14.75999999999973,1.853212833404541
14.76999999999973,1.8145371675491333
14.77999999999973,1.8628817796707153
14.78999999999973,1.8628817796707153
14.799999999999729,1.8951115608215332
14.809999999999729,1.830651879310608
14.819999999999729,1.830651879310608
14.829999999999728,1.8467668294906616
14.839999999999728,1.9047805070877075
14.849999999999728,1.7919763326644897
14.859999999999728,1.8757736682891846
14.869999999999727,1.8757736682891846
14.879999999999727,1.853212833404541
14.889999999999727,1.8113139867782593
14.899999999999727,1.8661047220230103
14.909999999999727,1.8661047220230103
14.919999999999726,1.7919763326644897
14.929999999999726,1.8113139867782593
14.939999999999726,1.8822195529937744
14.949999999999726,1.801645278930664
14.959999999999726,1.8338748216629028
14.969999999999725,1.8242058753967285
14.979999999999725,1.8242058753967285
14.989999999999725,2.0465915203094482
14.999999999999725,2.0465915203094482
15.009999999999724,1.8467668294906616
15.019999999999724,1.8467668294906616
15.029999999999724,1.801645278930664
15.039999999999724,1.8370981216430664
15.049999999999724,1.8370981216430664
15.059999999999723,1.8628817796707153
15.069999999999723,1.8628817796707153
15.079999999999723,1.8918886184692383
15.089999999999723,1.8403209447860718
15.099999999999723,1.8661047220230103
15.109999999999722,1.8338748216629028
15.119999999999722,1.827428936958313
15.129999999999722,1.8886656761169434
15.139999999999722,1.8886656761169434
15.149999999999721,1.8918886184692383
15.159999999999721,1.8918886184692383
15.169999999999721,1.7951992750167847
15.17999999999972,1.7951992750167847
15.18999999999972,1.8789966106414795
15.19999999999972,1.8467668294906616
15.20999999999972,1.8628817796707153
15.21999999999972,1.8886656761169434
15.22999999999972,1.8467668294906616
15.23999999999972,1.8242058753967285
15.24999999999972,1.8370981216430664
15.25999999999972,1.856435775756836
15.269999999999719,1.8886656761169434
15.279999999999719,1.8886656761169434
15.289999999999718,1.856435775756836
15.299999999999718,1.849989891052246
15.309999999999718,1.9015575647354126
15.319999999999718,1.8242058753967285
15.329999999999718,1.9080034494400024
15.339999999999717,1.8628817796707153
15.349999999999717,1.8628817796707153
15.359999999999717,1.8628817796707153
15.369999999999717,1.856435775756836
15.379999999999717,1.849989891052246
15.389999999999716,1.849989891052246
15.399999999999716,1.856435775756836
15.409999999999716,1.8370981216430664
15.419999999999716,2.004692792892456
15.429999999999715,2.004692792892456
15.439999999999715,1.9144494533538818
15.449999999999715,1.9982469081878662
15.459999999999715,1.8628817796707153
15.469999999999715,2.017584800720215
15.479999999999714,2.017584800720215
15.489999999999714,1.8628817796707153
15.499999999999714,1.856435775756836
15.509999999999714,1.8886656761169434
15.519999999999714,1.8886656761169434
15.529999999999713,1.8693276643753052
15.539999999999713,1.8822195529937744
15.549999999999713,1.8757736682891846
15.559999999999713,1.8822195529937744
15.569999999999713,2.0369226932525635
15.579999999999712,1.8757736682891846
15.589999999999712,1.9144494533538818
15.599999999999712,1.9015575647354126
15.609999999999712,1.9015575647354126
15.619999999999711,1.8757736682891846
15.629999999999711,1.8628817796707153
15.639999999999711,2.0240306854248047
15.64999999999971,1.8693276643753052
15.65999999999971,1.8951115608215332
15.66999999999971,1.8822195529937744
15.67999999999971,1.8370981216430664
15.68999999999971,1.9144494533538818
15.69999999999971,1.9015575647354126
15.70999999999971,1.8628817796707153
15.71999999999971,1.8628817796707153
15.729999999999709,1.8757736682891846
15.739999999999709,1.93378746509552
15.749999999999709,1.9015575647354126
15.759999999999708,1.849989891052246
15.769999999999708,1.849989891052246
15.779999999999708,1.9466793537139893
15.789999999999708,1.8886656761169434
15.799999999999708,1.9402332305908203
15.809999999999707,1.9466793537139893
15.819999999999707,1.8693276643753052
15.829999999999707,1.8693276643753052
15.839999999999707,1.93378746509552
15.849999999999707,1.93378746509552
15.859999999999706,1.8113139867782593
15.869999999999706,1.9466793537139893
15.879999999999706,1.93378746509552
15.889999999999706,1.93378746509552
15.899999999999705,1.9466793537139893
15.909999999999705,1.93378746509552
15.919999999999705,1.93378746509552
15.929999999999705,1.9015575647354126
15.939999999999705,1.8757736682891846
15.949999999999704,1.9080034494400024
15.959999999999704,1.9080034494400024
15.969999999999704,1.9402332305908203
15.979999999999704,1.9402332305908203
15.989999999999704,1.93378746509552
15.999999999999703,1.9080034494400024
16.009999999999703,1.9080034494400024
16.019999999999705,1.9208952188491821
16.029999999999706,1.959571123123169
16.039999999999708,1.8693276643753052
16.04999999999971,1.9273412227630615
16.05999999999971,1.8951115608215332
16.069999999999713,1.8951115608215332
16.079999999999714,1.8822195529937744
16.089999999999716,1.8693276643753052
16.099999999999717,1.9466793537139893
16.10999999999972,1.9402332305908203
16.11999999999972,1.9660170078277588
16.129999999999722,1.9724630117416382
16.139999999999723,1.9015575647354126
16.149999999999725,1.9015575647354126
16.159999999999727,1.959571123123169
16.169999999999728,1.8886656761169434
16.17999999999973,1.9402332305908203
16.18999999999973,1.9208952188491821
16.199999999999733,1.9724630117416382
16.209999999999734,1.8822195529937744
16.219999999999736,1.9466793537139893
16.229999999999738,1.8242058753967285
16.23999999999974,1.8242058753967285
16.24999999999974,1.7919763326644897
16.259999999999742,1.9273412227630615
16.269999999999744,1.9466793537139893
16.279999999999745,1.7919763326644897
16.289999999999747,1.7919763326644897
16.29999999999975,1.7919763326644897
16.30999999999975,1.978908896446228
16.31999999999975,1.9208952188491821
16.329999999999753,1.9531251192092896
16.339999999999755,1.9531251192092896
16.349999999999756,1.8435438871383667
16.359999999999758,1.9208952188491821
16.36999999999976,2.0949363708496094
16.37999999999976,1.849989891052246
16.389999999999763,1.849989891052246
16.399999999999764,1.8951115608215332
16.409999999999766,1.8951115608215332
16.419999999999767,1.8822195529937744
16.42999999999977,1.9273412227630615
16.43999999999977,1.9273412227630615
16.449999999999772,2.0433685779571533
16.459999999999773,2.0240306854248047
16.469999999999775,1.8628817796707153
16.479999999999777,1.9724630117416382
16.489999999999778,1.9724630117416382
16.49999999999978,1.9402332305908203
16.50999999999978,1.9402332305908203
16.519999999999783,1.8693276643753052
16.529999999999784,1.8693276643753052
16.539999999999786,1.8628817796707153
16.549999999999788,1.8628817796707153
16.55999999999979,1.8628817796707153
16.56999999999979,1.8628817796707153
16.579999999999792,1.9402332305908203
16.589999999999794,1.985355019569397
16.599999999999795,2.1465039253234863
16.609999999999797,1.93378746509552
16.6199999999998,1.93378746509552
16.6299999999998,1.93378746509552
16.6399999999998,1.9982469081878662
16.649999999999803,2.049814462661743
16.659999999999805,1.8951115608215332
16.669999999999806,1.8951115608215332
16.679999999999808,1.9466793537139893
16.68999999999981,1.8886656761169434
16.69999999999981,1.959571123123169
16.709999999999813,1.959571123123169
16.719999999999814,1.8757736682891846
16.729999999999816,1.9144494533538818
16.739999999999817,1.959571123123169
16.74999999999982,1.959571123123169
16.75999999999982,2.017584800720215
16.769999999999822,1.9660170078277588
16.779999999999824,1.9144494533538818
16.789999999999825,1.93378746509552
16.799999999999827,1.9015575647354126
16.809999999999828,1.978908896446228
16.81999999999983,1.9982469081878662
16.82999999999983,1.9982469081878662
16.839999999999833,1.8886656761169434
16.849999999999834,1.8886656761169434
16.859999999999836,2.011138677597046
16.869999999999838,2.011138677597046
16.87999999999984,1.9918009042739868
16.88999999999984,1.9918009042739868
16.899999999999842,1.978908896446228
16.909999999999844,1.978908896446228
16.919999999999845,1.9466793537139893
16.929999999999847,1.9660170078277588
16.93999999999985,1.8435438871383667
16.94999999999985,1.959571123123169
16.95999999999985,1.959571123123169
16.969999999999853,1.959571123123169
16.979999999999855,1.959571123123169
16.989999999999856,1.93378746509552
16.999999999999858,1.9466793537139893
17.00999999999986,1.9466793537139893
17.01999999999986,1.9724630117416382
17.029999999999863,2.107828140258789
17.039999999999864,1.959571123123169
17.049999999999866,1.978908896446228
17.059999999999867,1.978908896446228
17.06999999999987,1.93378746509552
17.07999999999987,2.1271660327911377
17.089999999999872,2.017584800720215
17.099999999999874,2.017584800720215
17.109999999999875,2.017584800720215
17.119999999999877,2.017584800720215
17.129999999999878,1.959571123123169
17.13999999999988,1.93378746509552
17.14999999999988,1.978908896446228
17.159999999999883,1.978908896446228
17.169999999999884,2.017584800720215
17.179999999999886,1.9724630117416382
17.189999999999888,1.9724630117416382
17.19999999999989,1.9724630117416382
17.20999999999989,1.959571123123169
17.219999999999892,2.0304768085479736
17.229999999999894,1.978908896446228
17.239999999999895,1.978908896446228
17.249999999999897,1.9080034494400024
17.2599999999999,1.9080034494400024
17.2699999999999,1.9660170078277588
17.2799999999999,1.93378746509552
17.289999999999903,1.978908896446228
17.299999999999905,1.9208952188491821
17.309999999999906,2.1916255950927734
17.319999999999908,1.978908896446228
17.32999999999991,1.978908896446228
17.33999999999991,1.9982469081878662
17.349999999999913,1.9982469081878662
17.359999999999914,2.0240306854248047
17.369999999999916,2.017584800720215
17.379999999999917,1.978908896446228
17.38999999999992,1.978908896446228
17.39999999999992,2.107828140258789
17.409999999999922,1.9660170078277588
17.419999999999924,2.017584800720215
17.429999999999925,1.985355019569397
17.439999999999927,2.0369226932525635
17.44999999999993,2.011138677597046
17.45999999999993,2.0820443630218506
17.46999999999993,1.93378746509552
17.479999999999933,1.9208952188491821
17.489999999999934,1.959571123123169
17.499999999999936,1.9982469081878662
17.509999999999938,2.017584800720215
17.51999999999994,2.0884902477264404
17.52999999999994,2.0884902477264404
17.539999999999942,2.0884902477264404
17.549999999999944,1.9724630117416382
17.559999999999945,1.9724630117416382
17.569999999999947,1.9660170078277588
17.57999999999995,2.0240306854248047
17.58999999999995,1.9660170078277588
17.59999999999995,1.9660170078277588
17.609999999999953,2.049814462661743
17.619999999999955,2.017584800720215
17.629999999999956,1.9724630117416382
17.639999999999958,2.0304768085479736
17.64999999999996,2.062706470489502
17.65999999999996,2.0304768085479736
17.669999999999963,2.0304768085479736
17.679999999999964,2.069152355194092
17.689999999999966,2.069152355194092
17.699999999999967,2.1787338256835938
17.70999999999997,2.1787338256835938
17.71999999999997,2.1271660327911377
17.729999999999972,1.9918009042739868
17.739999999999974,2.0433685779571533
17.749999999999975,2.0240306854248047
17.759999999999977,2.062706470489502
17.76999999999998,2.004692792892456
17.77999999999998,1.9982469081878662
17.78999999999998,1.9402332305908203
17.799999999999983,1.9402332305908203
17.809999999999985,1.9402332305908203
17.819999999999986,2.0240306854248047
17.829999999999988,2.0304768085479736
17.83999999999999,1.9918009042739868
17.84999999999999,2.069152355194092
17.859999999999992,2.062706470489502
17.869999999999994,2.062706470489502
17.879999999999995,2.0884902477264404
17.889999999999997,2.011138677597046
17.9,2.0433685779571533
17.91,2.0369226932525635
17.92,2.017584800720215
17.930000000000003,2.0755982398986816
17.940000000000005,2.0369226932525635
17.950000000000006,2.004692792892456
17.960000000000008,2.1271660327911377
17.97000000000001,1.9982469081878662
17.98000000000001,2.004692792892456
17.990000000000013,2.0884902477264404
18.000000000000014,2.0884902477264404
18.010000000000016,2.049814462661743
18.020000000000017,2.0949363708496094
18.03000000000002,2.0755982398986816
18.04000000000002,2.1787338256835938
18.050000000000022,2.0369226932525635
18.060000000000024,2.1400580406188965
18.070000000000025,1.985355019569397
18.080000000000027,1.9208952188491821
18.09000000000003,1.7533005475997925
18.10000000000003,1.675948977470398
18.11000000000003,1.5212459564208984
18.120000000000033,1.4567863941192627
18.130000000000035,1.1731642484664917
18.140000000000036,0.9540017247200012
18.150000000000038,0.670379638671875
18.16000000000004,0.38675743341445923
18.17000000000004,0.0
